ahu_id,month,energy_score_flag,pf_score_flag,unbalance_score_flag,thd_score_flag,overload_score_flag
e0101,2025-10,0.4591194968553459,0.0,0.36477987421383645,0.6226415094339622,0.32075471698113206
e0101,2025-11,0.5086805555555556,0.13576388888888888,0.4097222222222222,0.35520833333333335,0.0
e0101,2025-12,0.6421370967741935,0.3004032258064516,0.38071236559139787,0.1743951612903226,0.3793682795698925
e0101,2026-01,0.38272849462365593,0.13239247311827956,0.4489247311827957,0.4845430107526882,0.0
e0101,2026-02,0.42140151515151514,0.375,0.5435606060606061,0.6505681818181818,0.0
e0102,2025-10,0.4716981132075472,0.1949685534591195,0.39622641509433965,0.031446540880503145,0.0
e0102,2025-11,0.37256944444444445,0.16215277777777778,0.07604166666666666,0.26284722222222223,0.0
e0102,2025-12,0.7231182795698925,0.07258064516129033,0.19153225806451613,0.2446236559139785,0.0
e0102,2026-01,0.40456989247311825,0.015793010752688172,0.49731182795698925,0.3497983870967742,0.0961021505376344
e0102,2026-02,0.6761363636363636,0.03977272727272727,1.0,0.36742424242424243,0.007575757575757576
e0103,2025-10,0.8930817610062893,0.31446540880503143,0.0,0.012578616352201259,1.0
e0103,2025-11,0.4482638888888889,0.16493055555555555,0.07604166666666666,0.2899305555555556,0.14444444444444443
e0103,2025-12,0.6844758064516129,0.07426075268817205,0.39885752688172044,0.48151881720430106,0.0
e0103,2026-01,0.34173387096774194,0.09038978494623656,0.4254032258064516,0.14079301075268819,0.0
e0103,2026-02,0.6571969696969697,0.06912878787878787,0.19791666666666666,0.2547348484848485,0.0
e0104,2025-10,0.7044025157232704,1.0,1.0,0.012578616352201259,1.0
e0104,2025-11,0.36319444444444443,0.27847222222222223,0.34270833333333334,0.21388888888888888,0.09930555555555555
e0104,2025-12,0.9264112903225806,0.7520161290322581,0.1196236559139785,0.5134408602150538,0.0013440860215053765
e0104,2026-01,0.2980510752688172,0.16297043010752688,0.3094758064516129,0.14751344086021506,0.01478494623655914
e0104,2026-02,0.6477272727272727,0.13920454545454544,0.35700757575757575,0.26988636363636365,0.017045454545454544
e0105,2025-10,0.8113207547169812,1.0,0.4968553459119497,0.06918238993710692,0.0
e0105,2025-11,0.7184027777777777,0.7142361111111111,0.4131944444444444,0.4809027777777778,0.2423611111111111
e0105,2025-12,0.6606182795698925,0.25873655913978494,0.5191532258064516,0.4680779569892473,0.0
e0105,2026-01,0.30611559139784944,0.07291666666666667,0.24059139784946237,0.14045698924731181,0.0
e0105,2026-02,0.5672348484848485,0.6306818181818182,0.41382575757575757,0.3484848484848485,0.0
e0106,2025-10,0.5283018867924528,0.018867924528301886,0.0,0.006289308176100629,0.0
e0106,2025-11,0.5916666666666667,0.14201388888888888,0.02013888888888889,0.0920138888888889,0.0
e0106,2025-12,0.5870295698924731,0.45094086021505375,0.19455645161290322,0.17305107526881722,0.0
e0106,2026-01,0.4425403225806452,0.5067204301075269,0.8209005376344086,0.6710349462365591,0.0
e0106,2026-02,0.625,0.3854166666666667,0.5918560606060606,0.48579545454545453,0.0
e0107,2025-10,0.3836477987421384,0.10062893081761007,0.6163522012578616,0.3333333333333333,0.0
e0107,2025-11,0.48715277777777777,0.13784722222222223,0.509375,0.3506944444444444,0.0
e0107,2025-12,0.30678763440860213,0.24865591397849462,0.37163978494623656,0.11189516129032258,0.0
e0107,2026-01,0.614247311827957,0.25168010752688175,0.37735215053763443,0.3521505376344086,0.0
e0107,2026-02,0.3806818181818182,0.3503787878787879,0.35700757575757575,0.3626893939393939,0.0
e0108,2025-10,0.5157232704402516,0.4591194968553459,0.1069182389937107,0.06918238993710692,0.24528301886792453
e0108,2025-11,0.4288194444444444,0.26319444444444445,0.19652777777777777,0.14131944444444444,0.060069444444444446
e0108,2025-12,0.6710349462365591,0.35651881720430106,0.2967069892473118,0.18649193548387097,0.0003360215053763441
e0108,2026-01,0.40356182795698925,0.3024193548387097,0.27352150537634407,0.3548387096774194,0.15053763440860216
e0108,2026-02,0.6903409090909091,0.19981060606060605,0.5388257575757576,0.6571969696969697,0.2159090909090909
e0109,2025-10,0.5157232704402516,0.1509433962264151,0.3836477987421384,0.3333333333333333,0.14465408805031446
e0109,2025-11,0.42986111111111114,0.16319444444444445,0.3701388888888889,0.3576388888888889,0.134375
e0109,2025-12,0.7331989247311828,0.11021505376344086,0.24193548387096775,0.4519489247311828,0.13911290322580644
e0109,2026-01,0.395497311827957,0.10786290322580645,0.3850806451612903,0.10383064516129033,0.09845430107526881
e0109,2026-02,0.6761363636363636,0.12026515151515152,0.23863636363636365,0.2518939393939394,0.07670454545454546
e0110,2025-10,0.5471698113207547,0.5974842767295597,0.6792452830188679,0.0440251572327044,0.05660377358490566
e0110,2025-11,0.40555555555555556,0.40208333333333335,0.4756944444444444,0.2267361111111111,0.096875
e0110,2025-12,0.6932123655913979,0.43951612903225806,0.16801075268817203,0.5504032258064516,0.03595430107526882
e0110,2026-01,0.4334677419354839,0.18044354838709678,0.1774193548387097,0.15826612903225806,0.05510752688172043
e0110,2026-02,0.6856060606060606,0.1259469696969697,0.19886363636363635,0.32386363636363635,0.10132575757575757
e0111,2025-10,0.3270440251572327,0.0880503144654088,0.5345911949685535,0.4528301886792453,0.0
e0111,2025-11,0.3701388888888889,0.12604166666666666,0.36944444444444446,0.38472222222222224,0.00034722222222222224
e0111,2025-12,0.1693548387096774,0.2614247311827957,0.22849462365591397,0.4633736559139785,0.0
e0111,2026-01,0.47143817204301075,0.3225806451612903,0.22681451612903225,0.28830645161290325,0.0
e0111,2026-02,0.2206439393939394,0.3475378787878788,0.2215909090909091,0.3380681818181818,0.0
e0112,2025-10,0.4088050314465409,0.7861635220125787,0.389937106918239,1.0,0.0
e0112,2025-11,0.37430555555555556,0.4979166666666667,0.303125,0.45381944444444444,0.0
e0112,2025-12,0.6565860215053764,0.4842069892473118,0.13373655913978494,0.2493279569892473,0.0
e0112,2026-01,0.4146505376344086,0.3088037634408602,0.4495967741935484,0.2288306451612903,0.0010080645161290322
e0112,2026-02,0.6988636363636364,0.3721590909090909,0.6335227272727273,0.0,0.0
e0113,2025-10,0.5031446540880503,0.5283018867924528,0.0,0.5471698113207547,0.6226415094339622
e0113,2025-11,0.4329861111111111,0.28680555555555554,0.2378472222222222,0.43020833333333336,0.22604166666666667
e0113,2025-12,0.6760752688172043,0.36088709677419356,0.3393817204301075,0.2301747311827957,0.0023521505376344087
e0113,2026-01,0.3793682795698925,0.47513440860215056,0.2469758064516129,0.22009408602150538,0.0
e0113,2026-02,0.6704545454545454,0.33238636363636365,0.4403409090909091,0.0,0.0
e0114,2025-10,0.5911949685534591,0.1761006289308176,0.5534591194968553,0.48427672955974843,1.0
e0114,2025-11,0.3784722222222222,0.15625,0.403125,0.23368055555555556,0.41354166666666664
e0114,2025-12,0.6579301075268817,0.3057795698924731,0.2668010752688172,0.478494623655914,0.0
e0114,2026-01,0.44086021505376344,0.22446236559139784,0.17170698924731181,0.19858870967741934,0.009072580645161291
e0114,2026-02,0.6287878787878788,0.1543560606060606,0.2490530303030303,0.20833333333333334,0.001893939393939394
e0115,2025-10,0.4779874213836478,0.5660377358490566,0.710691823899371,0.3584905660377358,0.012578616352201259
e0115,2025-11,0.39791666666666664,0.253125,0.271875,0.31319444444444444,0.005902777777777778
e0115,2025-12,0.6844758064516129,0.30006720430107525,0.07896505376344086,0.4435483870967742,0.00571236559139785
e0115,2026-01,0.39280913978494625,0.19153225806451613,0.5013440860215054,0.1676747311827957,0.024193548387096774
e0115,2026-02,0.6742424242424242,0.1543560606060606,0.5321969696969697,0.06439393939393939,0.002840909090909091
e0116,2025-10,0.5157232704402516,0.5031446540880503,0.710691823899371,0.018867924528301886,0.0440251572327044
e0116,2025-11,0.3972222222222222,0.2920138888888889,0.41215277777777776,0.265625,0.011111111111111112
e0116,2025-12,0.6831317204301075,0.28225806451612906,0.18548387096774194,0.41364247311827956,0.23319892473118278
e0116,2026-01,0.38272849462365593,0.290994623655914,0.3995295698924731,0.301747311827957,0.020161290322580645
e0116,2026-02,0.678030303030303,0.20359848484848486,0.3693181818181818,0.39867424242424243,0.01231060606060606
e0117,2025-10,0.5471698113207547,0.41509433962264153,0.0,0.11320754716981132,0.0
e0117,2025-11,0.3923611111111111,0.36770833333333336,0.5746527777777778,0.23472222222222222,0.008333333333333333
e0117,2025-12,0.6985887096774194,0.09979838709677419,0.4314516129032258,0.47211021505376344,0.06081989247311828
e0117,2026-01,0.40961021505376344,0.11223118279569892,0.12903225806451613,0.1851478494623656,0.01881720430107527
e0117,2026-02,0.6931818181818182,0.11458333333333333,0.028409090909090908,0.35700757575757575,0.004734848484848485
e0118,2025-10,0.559748427672956,0.5157232704402516,0.0,0.5849056603773585,0.0
e0118,2025-11,0.4065972222222222,0.38090277777777776,0.275,0.31354166666666666,0.084375
e0118,2025-12,0.655241935483871,0.2668010752688172,0.552755376344086,0.34711021505376344,0.2362231182795699
e0118,2026-01,0.41935483870967744,0.28326612903225806,0.21471774193548387,0.20329301075268819,0.0023521505376344087
e0118,2026-02,0.6912878787878788,0.15056818181818182,0.6581439393939394,0.3001893939393939,0.09848484848484848
e0119,2025-10,0.2830188679245283,0.025157232704402517,0.6352201257861635,0.7735849056603774,0.012578616352201259
e0119,2025-11,0.3527777777777778,0.30694444444444446,0.2298611111111111,0.23819444444444443,0.03125
e0119,2025-12,0.510752688172043,0.4808467741935484,0.03192204301075269,0.03696236559139785,0.032594086021505375
e0119,2026-01,0.25336021505376344,0.10584677419354839,0.5782930107526881,0.6814516129032258,0.0003360215053763441
e0119,2026-02,0.4678030303030303,0.2481060606060606,0.5909090909090909,0.6837121212121212,0.0
e0120,2025-10,0.5849056603773585,0.012578616352201259,0.018867924528301886,0.6855345911949685,0.012578616352201259
e0120,2025-11,0.4513888888888889,0.13784722222222223,0.24027777777777778,0.490625,0.007291666666666667
e0120,2025-12,0.5201612903225806,0.031586021505376344,0.45060483870967744,0.23420698924731181,0.19086021505376344
e0120,2026-01,0.6065188172043011,0.415994623655914,0.10013440860215053,0.17170698924731181,0.0
e0120,2026-02,0.6818181818181818,0.2755681818181818,0.3560606060606061,0.02556818181818182,0.015151515151515152
e0121,2025-10,0.559748427672956,0.0440251572327044,0.610062893081761,0.6540880503144654,0.1949685534591195
e0121,2025-11,0.428125,0.04479166666666667,0.36493055555555554,0.2503472222222222,0.1388888888888889
e0121,2025-12,0.6915322580645161,0.020833333333333332,0.35618279569892475,0.3635752688172043,0.07762096774193548
e0121,2026-01,0.395497311827957,0.0823252688172043,0.27788978494623656,0.25033602150537637,0.03225806451612903
e0121,2026-02,0.6884469696969697,0.2215909090909091,0.3371212121212121,0.3077651515151515,0.035037878787878785
e0201,2025-11,0.4088330632090762,0.3249594813614263,0.11790923824959482,0.09927066450567261,0.0
e0201,2025-12,0.5920698924731183,0.5336021505376344,0.05141129032258065,0.01243279569892473,0.1051747311827957
e0201,2026-01,0.5151209677419355,0.17842741935483872,0.696236559139785,0.5386424731182796,0.06586021505376344
e0201,2026-02,0.5956439393939394,0.3835227272727273,0.7320075757575758,0.3465909090909091,0.019886363636363636
e0202,2025-11,0.291497975708502,0.2902834008097166,0.2522267206477733,0.18380566801619433,0.025101214574898785
e0202,2025-12,0.6599462365591398,0.3605510752688172,0.23487903225806453,0.028225806451612902,0.02049731182795699
e0202,2026-01,0.39751344086021506,0.42439516129032256,0.31518817204301075,0.46001344086021506,0.011088709677419355
e0202,2026-02,0.42424242424242425,0.4630681818181818,0.30113636363636365,0.48863636363636365,0.0
e0203,2025-11,0.2874493927125506,0.3623481781376518,0.49352226720647774,0.5902834008097166,0.0
e0203,2025-12,0.6266801075268817,0.5557795698924731,0.5719086021505376,0.3897849462365591,0.0
e0203,2026-01,0.623991935483871,0.0023521505376344087,0.0023521505376344087,0.16969086021505375,0.0
e0203,2026-02,0.5,0.000946969696969697,0.000946969696969697,0.23768939393939395,0.0
e0204,2025-11,0.748582995951417,0.6793522267206478,0.6781376518218624,0.0,0.01700404858299595
e0204,2025-12,0.7483198924731183,0.5564516129032258,0.40860215053763443,0.030913978494623656,0.0030241935483870967
e0204,2026-01,0.2906586021505376,0.004704301075268817,0.0739247311827957,0.4122983870967742,0.0
e0204,2026-02,0.3494318181818182,0.0,0.0946969696969697,0.5018939393939394,0.0
e0205,2025-11,0.6867664912990692,0.6774585188182922,0.4763253743423715,0.0,0.02104411169566977
e0205,2025-12,0.7476478494623656,0.5544354838709677,0.2476478494623656,0.024193548387096774,0.03696236559139785
e0205,2026-01,0.2879704301075269,0.04838709677419355,0.3387096774193548,0.43111559139784944,0.0
e0205,2026-02,0.2793560606060606,0.008522727272727272,0.36553030303030304,0.42992424242424243,0.0
e0206,2025-11,0.5707928802588996,0.0,0.0024271844660194173,0.2034789644012945,0.06067961165048544
e0206,2025-12,0.6485215053763441,0.0,0.0,0.3803763440860215,0.06317204301075269
e0206,2026-01,0.36794354838709675,0.6760752688172043,0.655241935483871,0.2691532258064516,0.02049731182795699
e0206,2026-02,0.4090909090909091,0.6268939393939394,1.0,0.4346590909090909,0.09753787878787878
e0207,2025-11,0.5533980582524272,0.09506472491909385,0.7617313915857605,0.30339805825242716,0.08131067961165049
e0207,2025-12,0.668010752688172,0.03931451612903226,0.5547715053763441,0.6081989247311828,0.002688172043010753
e0207,2026-01,0.3602150537634409,0.34408602150537637,0.006720430107526882,0.049059139784946235,0.0020161290322580645
e0207,2026-02,0.3001893939393939,0.42803030303030304,0.01893939393939394,0.16193181818181818,0.004734848484848485
e0208,2025-11,0.4056143205858421,0.2884458909682669,0.4259560618388934,0.3079739625711961,0.0040683482506102524
e0208,2025-12,0.6471774193548387,0.1676747311827957,0.3387096774193548,0.4002016129032258,0.0010080645161290322
e0208,2026-01,0.4116263440860215,0.14180107526881722,0.2422715053763441,0.18548387096774194,0.007056451612903226
e0208,2026-02,0.6676136363636364,0.14867424242424243,0.5975378787878788,0.2623106060606061,0.004734848484848485
e0209,2025-11,0.43653376729048005,0.021969080553295363,0.07323026851098453,0.4084621643612693,0.1871440195280716
e0209,2025-12,0.6693548387096774,0.010080645161290322,0.05443548387096774,0.3185483870967742,0.01646505376344086
e0209,2026-01,0.36323924731182794,0.023185483870967742,0.47681451612903225,0.2012768817204301,0.006720430107526882
e0209,2026-02,0.7007575757575758,0.015151515151515152,0.4914772727272727,0.24621212121212122,0.03977272727272727
e0210,2025-11,0.15785191212367777,0.24125305126118796,0.3144833197721725,0.24450772986167615,0.0
e0210,2025-12,0.038306451612903226,0.5137768817204301,0.041666666666666664,0.23151881720430106,0.0
e0210,2026-01,0.13407258064516128,0.39381720430107525,0.1639784946236559,0.08131720430107527,0.0
e0210,2026-02,0.050189393939393936,0.65625,0.0,0.09848484848484848,0.0
e0211,2025-11,0.5423108218063466,0.4597233523189585,0.23637103336045565,0.2892595606183889,0.0
e0211,2025-12,0.5907258064516129,0.19086021505376344,0.5114247311827957,0.3165322580645161,0.023521505376344086
e0211,2026-01,0.4428763440860215,0.3088037634408602,0.40389784946236557,0.20161290322580644,0.04099462365591398
e0211,2026-02,0.5511363636363636,0.3835227272727273,0.6543560606060606,0.3740530303030303,0.0
e0212,2025-11,0.11065907241659886,0.21358828315703823,0.0500406834825061,0.2611879576891782,0.0
e0212,2025-12,0.48051075268817206,0.04603494623655914,0.03494623655913978,0.259744623655914,0.0
e0212,2026-01,0.7137096774193549,0.39885752688172044,0.6165994623655914,0.0,0.07258064516129033
e0212,2026-02,0.8238636363636364,0.3465909090909091,1.0,0.03977272727272727,0.6524621212121212
e0213,2025-11,0.45199349064279903,0.4369406021155411,0.05695687550854353,0.1822620016273393,0.1838893409275834
e0213,2025-12,0.667002688172043,0.5120967741935484,0.2799059139784946,0.3907930107526882,0.029233870967741934
e0213,2026-01,0.39919354838709675,0.3225806451612903,0.2872983870967742,0.16028225806451613,0.0003360215053763441
e0213,2026-02,0.5748106060606061,0.7509469696969697,0.6458333333333334,0.8371212121212122,0.1278409090909091
e0214,2025-11,0.3921887713588283,0.3930024410089504,0.3197721724979658,0.28966639544344996,0.0
e0214,2025-12,0.6229838709677419,0.5174731182795699,0.23118279569892472,0.3118279569892473,0.0
e0214,2026-01,0.3800403225806452,0.23219086021505375,0.2647849462365591,0.2644489247311828,0.0
e0214,2026-02,0.6126893939393939,0.41571969696969696,0.2471590909090909,0.27178030303030304,0.0
e0215,2025-11,0.30304259634888436,0.1411764705882353,0.11359026369168357,0.21379310344827587,0.0
e0215,2025-12,0.6374327956989247,0.11290322580645161,0.06686827956989247,0.44556451612903225,0.0
e0215,2026-01,0.49260752688172044,0.09408602150537634,0.6928763440860215,0.11391129032258064,0.5786290322580645
e0215,2026-02,0.6183712121212122,0.12215909090909091,0.07102272727272728,0.20928030303030304,0.0
e0216,2025-11,0.2799188640973631,0.7038539553752535,0.7119675456389453,0.0,0.0
e0216,2025-12,0.21068548387096775,0.5514112903225806,0.5557795698924731,0.0,0.0
e0216,2026-01,0.9156586021505376,0.06384408602150538,0.05040322580645161,0.05779569892473118,0.0
e0216,2026-02,0.010416666666666666,1.0,0.3248106060606061,1.0,0.0
e0217,2025-11,0.3047192839707079,0.6798209926769732,0.8197721724979659,0.1273393002441009,0.045565500406834825
e0217,2025-12,0.24865591397849462,0.5530913978494624,0.0030241935483870967,0.03595430107526882,0.0
e0217,2026-01,0.8471102150537635,0.0655241935483871,0.1952284946236559,0.5393145161290323,0.0
e0217,2026-02,0.2897727272727273,0.5085227272727273,0.001893939393939394,0.048295454545454544,0.0
e0218,2025-11,0.31570382424735555,0.32628152969894225,0.11472742066720912,0.24898291293734745,0.31529698942229456
e0218,2025-12,0.2550403225806452,0.3289650537634409,0.02049731182795699,0.3958333333333333,0.385752688172043
e0218,2026-01,0.6145833333333334,0.13306451612903225,0.012096774193548387,0.5756048387096774,0.6169354838709677
e0218,2026-02,0.2708333333333333,0.15246212121212122,0.007575757575757576,0.42613636363636365,0.48579545454545453
e0219,2025-11,0.5038539553752536,0.0,0.1975659229208925,0.05720081135902637,0.05801217038539554
e0219,2025-12,0.6666666666666666,0.14180107526881722,0.2056451612903226,0.24092741935483872,0.002688172043010753
e0219,2026-01,0.3430779569892473,0.14180107526881722,0.5006720430107527,0.322244623655914,0.0
e0219,2026-02,0.6496212121212122,0.45170454545454547,0.3560606060606061,0.8664772727272727,0.0
e0220,2025-11,0.42150101419878294,0.006490872210953347,0.18498985801217038,0.10628803245436105,0.002839756592292089
e0220,2025-12,0.646505376344086,0.14146505376344087,0.10349462365591398,0.4002016129032258,0.0
e0220,2026-01,0.40860215053763443,0.10584677419354839,0.4680779569892473,0.27486559139784944,0.0006720430107526882
e0220,2026-02,0.6808712121212122,0.26704545454545453,0.5426136363636364,0.6979166666666666,0.0
e0221,2025-11,0.4090909090909091,0.37540584415584416,0.34334415584415584,0.3538961038961039,0.006899350649350649
e0221,2025-12,0.6760752688172043,0.478494623655914,0.39852150537634407,0.5823252688172043,0.010080645161290322
e0221,2026-01,0.37668010752688175,0.5090725806451613,0.06182795698924731,0.0648521505376344,0.0016801075268817205
e0221,2026-02,0.6714015151515151,0.3446969696969697,0.6183712121212122,0.14583333333333334,0.05113636363636364
e0222,2025-11,0.43141233766233766,0.2382305194805195,0.28287337662337664,0.34131493506493504,0.0008116883116883117
e0222,2025-12,0.645497311827957,0.3595430107526882,0.18581989247311828,0.2980510752688172,0.0003360215053763441
e0222,2026-01,0.4025537634408602,0.1592741935483871,0.2661290322580645,0.16666666666666666,0.0
e0222,2026-02,0.6856060606060606,0.14109848484848486,0.36079545454545453,0.3693181818181818,0.00946969696969697
