device_id,behavioral_class,dept,area,label,type,avg_kw,peak_kw,min_kw,std_kw,data_points,avg_similarity_to_class,top_5_similar_devices,top_5_similarity_scores
e1008,Class_1,Inpatient Wards - Paediatric Medical Ward 2,Inpatient Wards - Paediatric Medical Ward 2,AHU-L10-PM2-02,3,6.67,6.81,6.55,0.05,149,0.709,"e0801, e1101, e0626, e0510, e0213","0.897, 0.857, 0.852, 0.844, 0.830"
e0626,Class_1,Shared Facilities 6,Shared Facilities 6,AHU-L6-SF-01,1,6.48,7.14,6.29,0.26,149,0.685,"e0510, e0205, e1002, e1008, e0604","0.977, 0.914, 0.883, 0.852, 0.819"
e0510,Class_1,Paediatric Intensive Care Unit,Paediatric Intensive Care Unit (PICU),AHU-L5-PICU-01,3,11.0,11.69,10.75,0.3,149,0.678,"e0626, e0205, e1002, e1008, e0604","0.977, 0.933, 0.908, 0.844, 0.830"
e0801,Class_1,1st Class Ward,1st Class Ward,AHU-L8-CW-02,3,4.99,5.14,4.87,0.1,149,0.666,"e1101, e0213, e1008, e0419, e0626","0.989, 0.960, 0.897, 0.779, 0.779"
e0205,Class_1,Child Development Centre,Child Development Centre 2 - Physiotheraphy,AHU-L2-CDC-05,2,3.29,3.35,3.24,0.03,149,0.651,"e1002, e0510, e0626, e0604, e1008","0.950, 0.933, 0.914, 0.857, 0.792"
e1101,Class_1,Inpatient Wards - Paediatric Surgical Ward 1,Inpatient Wards - Paediatric Surgical Ward 1,AHU-L11-PS1-02,3,-6.06,-5.86,-6.24,0.14,149,0.646,"e0801, e0213, e1008, e0419, e0626","0.989, 0.953, 0.857, 0.786, 0.731"
e0604,Class_1,Administration Unit,Administration Unit,AHU-L6-AU-02,3,7.42,7.57,7.3,0.05,149,0.64,"e1002, e0205, e0625, e0510, e1008","0.887, 0.857, 0.849, 0.830, 0.825"
e0213,Class_1,Women Health Unit,Women Health Unit,AHU-L2-WHU-01,21,8.24,9.49,7.02,0.95,149,0.633,"e0801, e1101, e1008, e0626, e0510","0.960, 0.953, 0.830, 0.755, 0.754"
e1002,Class_1,Inpatient Wards - Paediatric Medical Ward 1,Inpatient Wards - Paediatric Medical Ward 1,AHU-L10-PM1-01,3,10.05,10.31,9.83,0.11,149,0.623,"e0205, e0510, e0604, e0626, e0625","0.950, 0.908, 0.887, 0.883, 0.852"
e0207,Class_1,Medical Social Services,Medical Social Services,AHU-L2-MSS-01,1,2.64,2.69,2.44,0.03,149,0.592,"e0625, e0604, e1002, e0605, e0901","0.851, 0.793, 0.787, 0.768, 0.766"
e0206,Class_1,Cafeteria,Cafeteria,AHU-L2-CF-01,1,3.89,4.83,2.9,0.48,149,0.587,"e0120, e0508, e1101, e0801, e1008","0.750, 0.729, 0.729, 0.717, 0.713"
e0905,Class_1,Neonatology Wards 1,Neonatology Wards 1,AHU-L9-NW1-01,3,2.38,2.53,2.29,0.04,149,0.576,"e1008, e0801, e0213, e0207, e0626","0.652, 0.631, 0.628, 0.612, 0.611"
e0117,Class_1,Shared Facilities 1,Shared Facilities 1 - 1 - General,AHU-L1-SF-01,1,11.61,11.85,7.36,0.43,149,0.56,"e0108, e0103, e1008, e0611, e0502","0.805, 0.698, 0.624, 0.622, 0.618"
e0120,Class_1,Imaging Department,Imaging Department,AHU-L1-ID-02,3,3.29,4.0,1.42,0.86,149,0.552,"e0805, e0206, e0508, e0702, e0703","0.775, 0.750, 0.710, 0.707, 0.700"
e0113,Class_1,Emergency Department,Emergency Department 1 - General Area,AHU-L1-ED-04,3,3.26,3.36,2.45,0.08,149,0.55,"e0114, e0403, e0213, e0315, e0112","0.813, 0.697, 0.695, 0.689, 0.679"
e0118,Class_1,Imaging Department,Imaging Department,AHU-L1-ID-03,3,6.09,6.19,5.47,0.07,149,0.546,"e0508, e0607, e0108, e0907, e1002","0.762, 0.754, 0.748, 0.728, 0.714"
e0108,Class_1,Medical Store,Medical Store,AHU-L1-MS-01,5,5.62,5.72,4.46,0.16,149,0.544,"e0117, e0103, e0118, e0413, e0315","0.805, 0.751, 0.748, 0.689, 0.679"
e0419,Class_1,Shared Facilities 4,Shared Facilities 4 - 1 - General,AHU-L4-SF-01,1,1.09,1.22,1.02,0.04,149,0.542,"e1101, e0801, e0213, e1008, e0206","0.786, 0.779, 0.746, 0.683, 0.649"
e0112,Class_1,Emergency Department,Emergency Department 1 - General Area,AHU-L1-ED-03,3,2.36,2.93,0.01,1.13,149,0.518,"e0213, e0106, e1101, e0113, e0801","0.733, 0.692, 0.687, 0.679, 0.670"
e0804,Class_1,Inpatient Wards - Gynaecology 1,Inpatient Wards - Gynaecology 1,AHU-L8-GY1-01,2,8.27,11.14,7.58,0.99,149,0.513,"e0508, e0206, e0112, e0120, e0907","0.727, 0.676, 0.633, 0.608, 0.606"
e0306,Class_2,Dental Clinic,Dental Clinic,AHU-L3-SPD-02,1,1.8,5.54,0.11,2.43,149,0.823,"e0602, e0313, e0101, e0210, e0211","0.992, 0.991, 0.975, 0.944, 0.933"
e0602,Class_2,Library,Library,AHU-L6-LIB-01,1,1.27,3.62,0.23,1.41,149,0.816,"e0306, e0313, e0101, e0210, e0211","0.992, 0.983, 0.976, 0.927, 0.916"
e0313,Class_2,Dental Clinic,Dental Clinic,AHU-L3-SPD-01,1,2.01,4.18,0.61,1.34,149,0.812,"e0306, e0602, e0101, e0211, e0210","0.991, 0.983, 0.971, 0.934, 0.930"
e0101,Class_2,Enginering Services,Engineering Services,AHU-L1-ES-01,1,0.61,1.08,0.32,0.28,149,0.808,"e0602, e0306, e0313, e0210, e0211","0.976, 0.975, 0.971, 0.904, 0.897"
e0407,Class_2,Inpatient Pharmacy Department,Inpatient Pharmacy Department,AHU-L4-PD-02,2,2.23,4.26,0.55,1.77,149,0.801,"e0406, e0111, e0504, e0503, e0107","0.999, 0.989, 0.989, 0.989, 0.987"
e0406,Class_2,Inpatient Pharmacy Department,Inpatient Pharmacy Department,AHU-CDR-02,17,18.72,42.62,0.05,19.84,149,0.797,"e0407, e0111, e0504, e0503, e0107","0.999, 0.986, 0.986, 0.986, 0.984"
e0111,Class_2,Emergency Department,Emergency Department 6 - Obstetrics and Gynaecology (One Stop Crisis Centre),AHU-L1-OSCC-01,1,0.64,1.08,0.25,0.4,149,0.796,"e0503, e0504, e0107, e0407, e0406","0.999, 0.999, 0.998, 0.989, 0.986"
e0503,Class_2,Anaesthesiology Department,Anaesthesiology Department,AHU-L5-AD-01,1,1.93,3.3,0.71,1.23,149,0.796,"e0504, e0111, e0107, e0407, e0406","1.000, 0.999, 0.997, 0.989, 0.986"
e0210,Class_2,Post Graduate Medical Centre and Continuous Medical Education ,Post Graduate Medical Centre and Continuous Medical Education,AHU-L3-PGMC-02,1,1.94,7.7,0.0,3.27,149,0.795,"e0211, e0306, e0313, e0602, e0101","0.988, 0.944, 0.930, 0.927, 0.904"
e0107,Class_2,Medical Store,Medical Store,AHU-L1-MS-02,5,1.14,2.27,0.0,0.99,149,0.794,"e0111, e0503, e0504, e0407, e0406","0.998, 0.997, 0.997, 0.987, 0.984"
e0504,Class_2,Respiratory and Haemodynamic Unit,Respiratory and Haemodynamic Unit  1 - General,AHU-L5-RHU-01,1,1.55,2.83,0.47,1.09,149,0.794,"e0503, e0111, e0107, e0407, e0406","1.000, 0.999, 0.997, 0.989, 0.986"
e0211,Class_2,Post Graduate Medical Centre and Continuous Medical Education ,Post Graduate Medical Centre and Continuous Medical Education,AHU-L3-PGMC-01,1,5.0,7.04,4.13,0.91,149,0.781,"e0210, e0313, e0306, e0602, e0101","0.988, 0.934, 0.933, 0.916, 0.897"
e0105,Class_2,Catering & Dietitics Department,Catering - Dietitics Department 1 - Main Kitchen,AHU-L1-CA-02,1,28.54,49.0,5.62,18.8,149,0.777,"e0406, e0407, e0107, e0504, e0503","0.934, 0.931, 0.916, 0.912, 0.912"
e0506,Class_2,Adult High Dependency Unit (DWA) ,Adult High Dependency Unit (DWA),AHU-L5-AHDU-01,3,2.03,2.09,1.96,0.03,149,0.76,"e0107, e0105, e0407, e0406, e0111","0.894, 0.889, 0.885, 0.884, 0.882"
e0106,Class_2,Catering & Dietitics Department,Catering - Dietitics Department 1 - Main Kitchen,AHU-L1-CA-01,1,2.12,4.08,0.48,1.32,149,0.753,"e0407, e0406, e0504, e0107, e0111","0.916, 0.915, 0.913, 0.912, 0.912"
e0217,Class_2,O&G Specialist Clinic,O&G Specialist Clinic,AHU-L2-SPG-02,3,1.51,3.14,0.35,1.31,149,0.736,"e0218, e0602, e0313, e0201, e0306","1.000, 0.914, 0.898, 0.897, 0.895"
e0218,Class_2,O&G Specialist Clinic,O&G Specialist Clinic,AHU-L2-SPG-01,3,4.13,6.7,2.24,2.1,149,0.734,"e0217, e0602, e0201, e0313, e0306","1.000, 0.911, 0.899, 0.896, 0.893"
e0304,Class_2,RQA Unit,RQA Unit,AHU-L3-RQA/HEU-01,1,6.53,6.7,6.39,0.06,149,0.71,"e0105, e0107, e0407, e0503, e0111","0.776, 0.775, 0.769, 0.769, 0.768"
e0312,Class_2,Paediatric Specialist Clinic,Paediatric Specialist Clinic 1 - Main,AHU-L3-SPP-02,1,3.6,3.67,3.55,0.03,149,0.699,"e0211, e0210, e0313, e0306, e0602","0.868, 0.851, 0.843, 0.835, 0.830"
e0511,Class_2,Paediatric Burn Unit,Paediatric Burn Unit,AHU-L5-PBU-01,12,4.09,4.14,4.06,0.02,149,0.695,"e0506, e0211, e0210, e0306, e0101","0.823, 0.817, 0.806, 0.781, 0.776"
e0201,Class_2,Child Development Centre,Child Development Centre 2 - Physiotheraphy,AHU-L2-CDC-03,2,2.57,3.49,1.1,0.66,149,0.657,"e0218, e0217, e0607, e0313, e0202","0.899, 0.897, 0.893, 0.852, 0.825"
e1001,Class_2,Inpatient Wards - Paediatric Medical Ward 1,Inpatient Wards - Paediatric Medical Ward 1,AHU-L10-PM1-02,3,3.27,3.3,3.24,0.01,149,0.624,"e0304, e0105, e0107, e0111, e0503","0.759, 0.735, 0.727, 0.721, 0.721"
e0904,Class_2,Inpatient Wards - Paediatric Medical Ward 5,Inpatient Wards - Paediatric Medical Ward 5,AHU-L9-PM5-02,18,7.03,7.09,6.95,0.03,149,0.592,"e0209, e0606, e1004, e0423, e0605","0.763, 0.757, 0.743, 0.741, 0.711"
e0903,Class_2,Inpatient Wards - Paediatric Medical Ward 5,Inpatient Wards - Paediatric Medical Ward 5,AHU-L9-PM5-01,3,7.52,7.69,7.3,0.08,149,0.564,"e1103, e1003, e1102, e0203, e0603","0.830, 0.810, 0.805, 0.782, 0.705"
e0416,Class_2,Maternity OT,Maternity OT,AHU-L4-MOT-01,14,2.45,2.74,2.29,0.06,149,0.555,"e0423, e0904, e1004, e1104, e0312","0.635, 0.629, 0.614, 0.594, 0.594"
e0501,Class_3.1.1.1.1.1.1,Paediatric Intensive Care Unit,Paediatric Intensive Care Unit (PICU),AHU-L5-PICU-02,3,4.54,4.62,4.45,0.04,149,0.885,"e0507, e0403, e0315, e0509, e0303","0.982, 0.981, 0.978, 0.975, 0.972"
e0507,Class_3.1.1.1.1.1.1,Adult Intensive Care Unit,Adult Intensive Care Unit (AICU),AHU-L5-AICU-01,3,5.1,5.24,4.99,0.06,149,0.884,"e0403, e0315, e0501, e0303, e0509","0.985, 0.984, 0.982, 0.978, 0.978"
e0509,Class_3.1.1.1.1.1.1,Paediatric Burn Unit,Paediatric Burn Unit,AHU-L5-PBU-02,1,7.65,7.76,7.54,0.05,149,0.884,"e0507, e0501, e0409, e0403, e0315","0.978, 0.975, 0.965, 0.963, 0.960"
e0409,Class_3.1.1.1.1.1.1,Bone Marrow Transplant Unit (Stem Cell Transplant),Bone Marrow Transplant Unit (Stem Cell Transplant),AHU-L4-SCT-01,13,6.56,6.64,6.48,0.04,149,0.878,"e0509, e0501, e0507, e0502, e0505","0.965, 0.959, 0.959, 0.958, 0.947"
e0403,Class_3.1.1.1.1.1.1,Milk Preparation 1,Milk Preparation 1,AHU-L4-MK-01,1,1.87,1.94,1.8,0.03,149,0.874,"e0315, e0507, e0501, e0303, e0509","0.997, 0.985, 0.981, 0.976, 0.963"
e0502,Class_3.1.1.1.1.1.1,Paediatric High Dependency Unit (DWP) ,Paediatric High Dependency Unit (DWP),AHU-L5-PHDU-01,3,2.96,2.99,2.93,0.01,149,0.874,"e0409, e0507, e0501, e0509, e0403","0.958, 0.956, 0.955, 0.954, 0.948"
e0303,Class_3.1.1.1.1.1.1,Pathology Department,Pathology Department 1 - Transfusion Medicine Laboratory (Blood Bank),AHU-L3-PT-03 (Microb),10,2.85,2.99,2.71,0.06,149,0.873,"e0315, e0507, e0403, e0501, e0509","0.979, 0.978, 0.976, 0.972, 0.960"
e0412,Class_3.1.1.1.1.1.1,Obstetric High Risk Unit,Obstetric High Risk Unit,AHU-L4-OHR-01,3,6.48,6.56,6.4,0.04,149,0.87,"e0509, e0501, e0507, e0409, e0502","0.954, 0.952, 0.951, 0.944, 0.941"
e0315,Class_3.1.1.1.1.1.1,Dental Clinic,Dental Clinic,AHU-L3-SPD-03,7,1.4,1.48,1.33,0.03,149,0.869,"e0403, e0507, e0303, e0501, e0509","0.997, 0.984, 0.979, 0.978, 0.960"
e0505,Class_3.1.1.1.1.1.1,Adult Intensive Care Unit,Adult Intensive Care Unit (AICU),AHU-L5-AICU-02,3,8.56,8.66,8.45,0.05,149,0.856,"e0409, e0509, e0412, e0507, e0501","0.947, 0.945, 0.936, 0.930, 0.928"
e0413,Class_3.1.1.1.1.1.1,Maternity OT,Maternity OT,AHU-L4-MOT-04,11,4.65,4.7,4.56,0.03,148,0.84,"e0501, e0315, e0403, e0303, e0507","0.939, 0.937, 0.936, 0.927, 0.924"
e0606,Class_3.1.1.1.1.1.1,Central Sterile Supply Unit,Central Sterile Supply Unit (CSSD),AHU-L6-CSSD-01,8,8.38,8.5,8.26,0.05,149,0.796,"e0605, e0611, e0409, e0412, e0502","0.893, 0.879, 0.871, 0.861, 0.857"
e0114,Class_3.1.1.1.1.1.1,Emergency Department,Emergency Department 1 - General Area,AHU-L1-ED-02,3,7.56,7.64,7.28,0.05,149,0.791,"e0509, e0412, e0501, e0507, e0409","0.865, 0.864, 0.859, 0.849, 0.842"
e0605,Class_3.1.1.1.1.1.1,Central Sterile Supply Unit,Central Sterile Supply Unit (CSSD),AHU-L6-CSSD-02,1,7.21,7.27,7.14,0.03,149,0.782,"e0606, e0625, e0409, e0505, e0412","0.893, 0.885, 0.865, 0.864, 0.842"
e0103,Class_3.1.1.1.1.1.1,Mortuary Services,Mortuary Services,AHU-L1-MO-01,1,6.68,6.78,6.22,0.06,149,0.729,"e0501, e0303, e0611, e0413, e0509","0.778, 0.778, 0.776, 0.775, 0.774"
e0115,Class_3.1.1.1.1.1.1,Imaging Department,Imaging Department,AHU-L1-ID-04,3,6.72,6.82,5.77,0.09,149,0.723,"e0110, e0403, e0501, e0315, e0507","0.778, 0.776, 0.776, 0.773, 0.772"
e0622,Class_3.1.1.1.1.1.1,Main Operation Theatre Complex,Main Operation Theatre Complex (OTC),AHU-L5-OT-10,11,0.47,0.48,0.46,0.0,149,0.676,"e0413, e0501, e0611, e0403, e0509","0.726, 0.714, 0.704, 0.703, 0.701"
e0411,Class_3.1.1.1.1.1.1,Bone Marrow Transplant Unit (Stem Cell Transplant),Bone Marrow Transplant Unit (Stem Cell Transplant),AHU-L4-SCT-02,13,30.59,37.4,22.29,2.58,149,0.654,"e0511, e1003, e0505, e1103, e0507","0.710, 0.710, 0.700, 0.696, 0.696"
e0628,Class_3.1.1.1.1.1.2.1,Central Sterile Supply Unit,Central Sterile Supply Unit (CSSD),AHU-L6-CSSD-03,1,4.52,4.63,4.28,0.09,149,0.776,"e0208, e0204, e0906, e0408, e0415","0.899, 0.893, 0.889, 0.883, 0.879"
e0625,Class_3.1.1.1.1.1.2.1,Medical Record,Medical Record,AHU-L6-MR-01,1,6.7,6.78,6.64,0.03,149,0.773,"e0605, e0901, e1002, e0207, e0604","0.885, 0.871, 0.852, 0.851, 0.849"
e1104,Class_3.1.1.1.1.1.2.1,Inpatient Wards - Paediatric Surgical Ward 2,Inpatient Wards - Paediatric Surgical Ward 2,AHU-L11-PS2-02,3,4.37,4.53,4.12,0.18,149,0.769,"e0628, e0625, e1002, e1004, e0803","0.854, 0.844, 0.839, 0.836, 0.829"
e1007,Class_3.1.1.1.1.1.2.1,Inpatient Wards - Paediatric Medical Ward 2,Inpatient Wards - Paediatric Medical Ward 2,AHU-L10-PM2-01,3,7.05,7.11,6.93,0.03,149,0.75,"e0208, e0408, e0605, e0603, e0625","0.865, 0.852, 0.840, 0.839, 0.834"
e0901,Class_3.1.1.1.1.1.2.1,Nephrology/ Dialysis Ward and Renal Treatment Centre,Nephrology/ Dialysis Ward and Renal Treatment Centre,AHU-L9-NP-01,3,5.63,5.69,5.58,0.03,149,0.749,"e0625, e0423, e0605, e0603, e1007","0.871, 0.820, 0.812, 0.790, 0.783"
e0202,Class_3.1.1.1.1.1.2.1,Child Development Centre,Child Development Centre 2 - Physiotheraphy,AHU-L2-CDC-01,2,2.12,2.21,1.46,0.1,149,0.742,"e0607, e0628, e0201, e1104, e0208","0.876, 0.840, 0.825, 0.817, 0.800"
e0603,Class_3.1.1.1.1.1.2.1,Administration Unit,Administration Unit,AHU-L6-AU-01,3,6.66,6.73,6.59,0.03,149,0.739,"e0208, e0408, e1007, e0625, e0605","0.860, 0.846, 0.839, 0.837, 0.820"
e1004,Class_3.1.1.1.1.1.2.1,Inpatient Wards - Paediatric Medical Ward 3,Inpatient Wards - Paediatric Medical Ward 3,AHU-L10-PM3-02,3,4.99,5.1,4.91,0.06,149,0.733,"e1104, e0208, e0423, e0902, e0209","0.836, 0.830, 0.824, 0.820, 0.819"
e0423,Class_3.1.1.1.1.1.2.1,Biophysiological Department,Biophysiological Department,AHU-L3-BL-01,1,10.51,10.78,10.32,0.11,149,0.732,"e0209, e0312, e1004, e0901, e0201","0.831, 0.826, 0.824, 0.820, 0.815"
e0803,Class_3.1.1.1.1.1.2.1,On Call Complex,On Call Complex,AHU-L8-OCC-01,15,6.02,6.67,5.42,0.28,149,0.727,"e0301, e0628, e1104, e1007, e0208","0.878, 0.830, 0.829, 0.820, 0.819"
e0611,Class_3.1.1.1.1.1.2.1,Information Technology Department,Information Technology Department,AHU-L6-IT-01,1,4.51,4.58,4.4,0.04,149,0.724,"e0412, e0606, e0409, e0501, e0502","0.903, 0.879, 0.878, 0.875, 0.871"
e1005,Class_3.1.1.1.1.1.2.1,Inpatient Wards - Paediatric Medical Ward 4,Inpatient Wards - Paediatric Medical Ward 4,AHU-L10-PM4-02,3,3.39,3.43,3.35,0.02,149,0.708,"e0611, e0802, e0627, e0628, e0412","0.840, 0.781, 0.775, 0.771, 0.756"
e0802,Class_3.1.1.1.1.1.2.1,1st Class Ward,1st Class Ward,AHU-L8-CW-01,1,5.75,5.77,5.66,0.02,149,0.705,"e0628, e1005, e1104, e0202, e0611","0.790, 0.781, 0.765, 0.762, 0.757"
e0607,Class_3.1.1.1.1.1.2.1,Specialist Office Complex,Specialist Office Complex,AHU-L6-SOC-01,6,5.73,6.78,0.0,2.28,149,0.696,"e0201, e0202, e0628, e1002, e0208","0.893, 0.876, 0.802, 0.794, 0.780"
e0215,Class_3.1.1.1.1.1.2.1,O&G Specialist Clinic,O&G Specialist Clinic,AHU-L2-SPG-04,3,7.99,8.19,7.36,0.08,149,0.69,"e0625, e0802, e0611, e1007, e1002","0.752, 0.752, 0.752, 0.741, 0.739"
e0627,Class_3.1.1.1.1.1.2.1,Specialist Office Complex,Specialist Office Complex,AHU-L6-SOC-02,6,4.46,4.5,4.42,0.02,149,0.68,"e1005, e0901, e0423, e0625, e0802","0.775, 0.774, 0.763, 0.741, 0.733"
e0209,Class_3.1.1.1.1.1.2.1,Admission Revenue,Admission Revenue,AHU-L2-AR-01,1,7.67,7.95,7.46,0.1,149,0.65,"e0423, e1004, e0312, e0208, e0313","0.831, 0.819, 0.814, 0.806, 0.797"
e0212,Class_3.1.1.1.1.1.2.2,Emergency Department,Emergency Department 10 - Paediatric Emergency Unit (Day Care),AHU-L1-OT-01,14,1.9,2.76,0.55,1.06,149,0.912,"e0902, e0121, e0906, e0109, e0204","0.997, 0.997, 0.996, 0.995, 0.995"
e0121,Class_3.1.1.1.1.1.2.2,Imaging Department,Imaging Department,AHU-L1-ID-01,4,14.7,15.23,13.89,0.52,149,0.911,"e0212, e0902, e0204, e0906, e0109","0.997, 0.996, 0.995, 0.995, 0.995"
e0109,Class_3.1.1.1.1.1.2.2,Security Services,Security Services,AHU-L1-SS/T-01,1,1.73,1.92,1.53,0.15,149,0.91,"e0212, e0121, e0902, e0906, e0204","0.995, 0.995, 0.993, 0.993, 0.992"
e0204,Class_3.1.1.1.1.1.2.2,Child Development Centre,Child Development Centre 2 - Physiotheraphy,AHU-L2-CDC-02,2,3.75,3.82,3.65,0.06,149,0.907,"e0906, e0902, e0121, e0212, e0109","0.996, 0.995, 0.995, 0.995, 0.992"
e0902,Class_3.1.1.1.1.1.2.2,Nephrology/ Dialysis Ward and Renal Treatment Centre,Nephrology/ Dialysis Ward and Renal Treatment Centre,AHU-L9-NP-02,3,3.0,3.63,2.03,0.6,149,0.906,"e0212, e0906, e0121, e0204, e0109","0.997, 0.997, 0.996, 0.995, 0.993"
e0415,Class_3.1.1.1.1.1.2.2,Maternity OT,Maternity OT,AHU-L4-MOT-03,8,4.19,4.51,3.82,0.22,149,0.905,"e0109, e0204, e0121, e0212, e0906","0.979, 0.979, 0.978, 0.978, 0.974"
e0906,Class_3.1.1.1.1.1.2.2,Neonatology Wards 1,Neonatology Wards 1,AHU-L9-NW1-02,3,4.27,4.74,3.56,0.46,149,0.904,"e0902, e0212, e0204, e0121, e0109","0.997, 0.996, 0.996, 0.995, 0.993"
e0408,Class_3.1.1.1.1.1.2.2,Bone Marrow Transplant Unit (Stem Cell Transplant),Bone Marrow Transplant Unit (Stem Cell Transplant),AHU-L4-SCT-03,13,3.12,3.21,2.99,0.07,149,0.903,"e0208, e0121, e0204, e0902, e0906","0.991, 0.985, 0.984, 0.980, 0.979"
e0208,Class_3.1.1.1.1.1.2.2,Outpatient Pharmacy,Outpatient Pharmacy,AHU-L2-OP-01,2,5.56,5.66,5.42,0.07,149,0.895,"e0408, e0204, e0121, e0902, e0906","0.991, 0.981, 0.980, 0.975, 0.974"
e1006,Class_3.1.1.1.1.1.2.2,Inpatient Wards - Paediatric Medical Ward 4,Inpatient Wards - Paediatric Medical Ward 4,AHU-L10-PM4-01,3,8.18,8.42,7.88,0.14,149,0.891,"e0121, e0204, e0109, e0212, e0902","0.967, 0.966, 0.963, 0.962, 0.962"
e0414,Class_3.1.1.1.1.1.2.2,Maternity OT,Maternity OT,AHU-L4-MOT-02,14,1.63,1.74,1.44,0.12,149,0.88,"e0402, e0212, e0121, e0906, e0204","0.998, 0.967, 0.967, 0.967, 0.965"
e0402,Class_3.1.1.1.1.1.2.2,Pathology Department,Pathology Department 5 - Administrative and Shared Facilities,AHU-L3-PT-01 ,9,8.39,9.84,5.85,1.8,149,0.876,"e0414, e0212, e0121, e0906, e0902","0.998, 0.965, 0.964, 0.964, 0.962"
e0311,Class_3.1.1.1.1.1.2.2,Paediatric Specialist Clinic,Paediatric Specialist Clinic 1 - Main,AHU-L3-SPP-01,1,6.68,6.91,5.15,0.24,149,0.87,"e0121, e0204, e0212, e0109, e0902","0.943, 0.942, 0.942, 0.941, 0.940"
e0110,Class_3.1.1.1.1.1.2.2,Emergency Department,Emergency Department 9 - Labour and Delivery (PAC),AHU-L1-PAC-01,1,11.09,11.59,8.26,0.51,149,0.859,"e0204, e0212, e0109, e0121, e0902","0.926, 0.925, 0.925, 0.923, 0.923"
e0701,Class_3.1.1.1.1.1.2.2,Inpatient Wards - Obstetric 3,Inpatient Wards - Obstetric 3,AHU-L7-OB3-01,4,6.96,10.48,6.01,0.8,149,0.857,"e0703, e0704, e0702, e0805, e0212","0.985, 0.976, 0.969, 0.929, 0.893"
e0702,Class_3.1.1.1.1.1.2.2,Inpatient Wards - Obstetric 4,Inpatient Wards - Obstetric 4,AHU-L7-OB4-01,4,8.13,11.84,5.99,2.12,149,0.857,"e0703, e0805, e0704, e0701, e0212","0.991, 0.981, 0.973, 0.969, 0.889"
e0703,Class_3.1.1.1.1.1.2.2,Inpatient Wards - Obstetric 1,Inpatient Wards - Obstetric 1,AHU-L7-OB1-01,4,10.08,11.93,9.39,0.63,149,0.852,"e0702, e0701, e0704, e0805, e0212","0.991, 0.985, 0.983, 0.971, 0.879"
e0301,Class_3.1.1.1.1.1.2.2,Pathology Department,Pathology Department 1 - Transfusion Medicine Laboratory (Blood Bank),AHU-L3-PT-04 (Admin),1,5.33,5.56,5.07,0.1,149,0.849,"e0415, e0408, e0208, e0109, e0204","0.931, 0.919, 0.910, 0.909, 0.908"
e0308,Class_3.1.1.1.1.1.2.2,Paediatric Specialist Clinic,Paediatric Specialist Clinic 1 - Main,AHU-L3-SPP-03,1,5.79,5.97,4.28,0.19,149,0.837,"e0408, e0902, e0208, e0121, e0109","0.906, 0.903, 0.902, 0.902, 0.900"
e0704,Class_3.1.1.1.1.1.2.2,Inpatient Wards - Obstetric 2,Inpatient Wards - Obstetric 2,AHU-L7-OB2-01,4,5.38,7.4,4.76,0.61,149,0.837,"e0703, e0701, e0702, e0805, e0212","0.983, 0.976, 0.973, 0.941, 0.869"
e1003,Class_3.1.1.1.1.1.2.2,Inpatient Wards - Paediatric Medical Ward 3,Inpatient Wards - Paediatric Medical Ward 3,AHU-L10-PM3-01,3,6.89,7.29,5.64,0.58,149,0.83,"e1103, e1102, e0203, e0212, e0415","0.989, 0.966, 0.953, 0.868, 0.867"
e0907,Class_3.1.1.1.1.1.2.2,Neonatology Wards 2,Neonatology Wards 2,AHU-L9-NW2-02,3,4.33,4.47,4.19,0.07,149,0.829,"e0408, e0208, e0204, e0415, e0121","0.909, 0.897, 0.887, 0.884, 0.881"
e0203,Class_3.1.1.1.1.1.2.2,Child Development Centre,Child Development Centre 2 - Physiotheraphy,AHU-L2-CDC-04,2,1.75,1.92,1.26,0.25,149,0.817,"e1003, e1103, e1102, e0314, e0415","0.953, 0.940, 0.929, 0.873, 0.862"
e0314,Class_3.1.1.1.1.1.2.2,Paediatric Specialist Clinic,Paediatric Specialist Clinic 1 - Main,AHU-L3-CPC-01,1,6.18,6.27,6.06,0.06,149,0.808,"e0415, e0412, e0509, e0203, e1003","0.898, 0.895, 0.883, 0.873, 0.858"
e1102,Class_3.1.1.1.1.1.2.2,Inpatient Wards - Paediatric Surgical Ward 1,Inpatient Wards - Paediatric Surgical Ward 1,AHU-L11-PS1-01,3,8.84,9.37,4.22,0.88,149,0.802,"e1103, e1003, e0203, e0415, e0212","0.984, 0.966, 0.929, 0.834, 0.833"
e0805,Class_3.1.1.1.1.1.2.2,Inpatient Wards - Gynaecology 2,Inpatient Wards - Gynaecology 2,AHU-L8-GY2-01,2,11.39,14.52,6.87,2.98,149,0.801,"e0702, e0703, e0704, e0701, e0212","0.981, 0.971, 0.941, 0.929, 0.813"
e1103,Class_3.1.1.1.1.1.2.2,Inpatient Wards - Paediatric Surgical Ward 2,Inpatient Wards - Paediatric Surgical Ward 2,AHU-L11-PS2-01,3,11.17,11.63,8.32,0.79,149,0.787,"e1003, e1102, e0203, e0903, e0314","0.989, 0.984, 0.940, 0.830, 0.827"
e0508,Class_3.1.1.1.1.1.2.2,Shared Facilities 5,Shared Facilities 5 - 1 - General,AHU-L5-SF-09,1,11.42,11.82,11.16,0.22,149,0.707,"e0907, e0805, e0702, e0703, e0118","0.868, 0.806, 0.797, 0.777, 0.762"
e0102,Class_3.1.1.1.1.1.3,Biomedical Engineering Services Unit,Biomedical Engineering Services Unit,AHU-L1-BES-01,1,3.77,3.83,3.46,0.03,149,0.87,"e0104, e0605, e0606, e0625, e0412","0.870, 0.762, 0.735, 0.730, 0.719"
e0104,Class_3.1.1.1.1.1.3,Housekeeping Services,Housekeeping Services,AHU-L1-HS-01,1,6.24,6.3,5.96,0.04,149,0.87,"e0102, e0603, e0907, e0208, e0408","0.870, 0.733, 0.712, 0.699, 0.694"
e0404,Class_3.1.1.1.1.1.4,Inpatient Pharmacy Department,Inpatient Pharmacy Department,AHU-L4-PD-01,5,4.29,4.42,4.16,0.04,149,1.0,"e0628, e0408, e0202, e0907, e0208","0.684, 0.679, 0.677, 0.675, 0.669"
e0214,Class_3.1.1.1.1.1.5,Women Health Unit,Women Health Unit,AHU-L2-WHU-02,21,1.18,1.2,0.9,0.03,149,1.0,"e0202, e0802, e0611, e0303, e0501","0.788, 0.722, 0.696, 0.674, 0.673"
e0307,Class_3.1.1.1.1.1.6,Shared Facilities 3,Shared Facilities 3,AHU-L3-SF-01,1,9.5,9.75,5.81,0.34,149,1.0,"e0628, e0301, e0408, e0204, e0311","0.696, 0.689, 0.677, 0.677, 0.673"
e0908,Class_3.1.1.1.1.1.7,Neonatology Wards 2,Neonatology Wards 2,AHU-L9-NW2-01,3,4.08,4.19,3.97,0.05,149,1.0,"e0502, e0611, e1007, e0606, e0505","0.691, 0.684, 0.682, 0.678, 0.671"
e1106,Class_3.1.1.1.1.2,Inpatient Wards - Paediatric Surgical Ward 4,Inpatient Wards - Paediatric Surgical Ward 4,AHU-L11-PS4-01,3,12.08,12.67,6.44,0.85,149,0.735,"e1107, e1102, e1103, e1003, e0203","0.735, 0.734, 0.731, 0.721, 0.697"
e1107,Class_3.1.1.1.1.2,Inpatient Wards - Paediatric Surgical Ward 3,Inpatient Wards - Paediatric Surgical Ward 3,AHU-L11-PS3-01,3,10.33,10.71,1.92,0.92,149,0.735,"e1102, e1103, e1106, e1003, e0203","0.779, 0.736, 0.735, 0.685, 0.662"
e0116,Class_3.1.1.1.2,Emergency Department,Emergency Department 1 - General Area,AHU-L1-ED-01,3,6.37,6.47,5.6,0.08,149,1.0,"e0315, e0403, e0507, e0413, e0303","0.661, 0.660, 0.656, 0.642, 0.641"
e1105,Class_3.1.1.2,Inpatient Wards - Paediatric Surgical Ward 4,Inpatient Wards - Paediatric Surgical Ward 4,AHU-L11-PS4-02,3,2.59,2.66,0.65,0.18,149,0.868,"e1108, e0411, e1003, e1103, e0203","0.868, 0.621, 0.613, 0.608, 0.601"
e1108,Class_3.1.1.2,Inpatient Wards - Paediatric Surgical Ward 3,Inpatient Wards - Paediatric Surgical Ward 3,AHU-L11-PS3-02,3,3.13,3.19,1.44,0.19,149,0.868,"e1105, e1003, e0314, e1103, e0203","0.868, 0.642, 0.641, 0.631, 0.631"
e0216,Class_3.1.2,O&G Specialist Clinic,O&G Specialist Clinic,AHU-L2-SPG-03,3,1.4,1.48,1.35,0.03,149,1.0,"e0605, e1007, e0505, e0625, e0314","0.592, 0.590, 0.589, 0.588, 0.586"
e0401,Class_3.2,Pathology Department,Pathology Department 5 - Administrative and Shared Facilities,AHU-L3-PT-02,9,3.34,3.75,3.15,0.14,149,1.0,"e0605, e0901, e0411, e0505, e1007","0.623, 0.606, 0.603, 0.597, 0.596"
